{
  "\n": 16,
  "\r": 15,
  " ": 0,
  "!": 41,
  "#": 100,
  "$": 99,
  "%": 104,
  "&": 80,
  "(": 73,
  ")": 74,
  "*": 43,
  ",": 21,
  "-": 28,
  ".": 24,
  "/": 88,
  "0": 69,
  "1": 62,
  "2": 64,
  "3": 68,
  "4": 75,
  "5": 72,
  "6": 79,
  "7": 76,
  "8": 78,
  "9": 77,
  ":": 44,
  ";": 30,
  "=": 86,
  ">": 87,
  "?": 51,
  "A": 35,
  "B": 52,
  "C": 45,
  "D": 46,
  "E": 53,
  "F": 61,
  "G": 49,
  "H": 31,
  "I": 26,
  "J": 54,
  "K": 67,
  "L": 42,
  "M": 37,
  "N": 58,
  "O": 56,
  "P": 48,
  "Q": 65,
  "R": 57,
  "S": 39,
  "T": 29,
  "U": 63,
  "V": 55,
  "W": 36,
  "X": 70,
  "Y": 59,
  "Z": 89,
  "[": 91,
  "]": 92,
  "_": 38,
  "a": 3,
  "b": 23,
  "c": 18,
  "d": 10,
  "e": 1,
  "f": 17,
  "g": 20,
  "h": 6,
  "i": 8,
  "j": 50,
  "k": 25,
  "l": 11,
  "m": 14,
  "n": 5,
  "o": 4,
  "p": 22,
  "q": 47,
  "r": 9,
  "s": 7,
  "t": 2,
  "u": 12,
  "v": 27,
  "w": 13,
  "x": 40,
  "y": 19,
  "z": 60,
  "{": 81,
  "}": 82,
  "\u00a3": 95,
  "\u00e0": 103,
  "\u00e1": 101,
  "\u00e2": 97,
  "\u00e6": 84,
  "\u00e8": 83,
  "\u00e9": 96,
  "\u00eb": 94,
  "\u00ef": 98,
  "\u00f4": 102,
  "\u00f6": 85,
  "\u2014": 93,
  "\u2018": 66,
  "\u2019": 33,
  "\u201c": 32,
  "\u201d": 34,
  "\u2022": 90,
  "\u2122": 71
}